home_win_pct,away_win_pct,draw_pct
45.8716655760422,28.738596558759,25.3897378651988
